{"train_steps_per_second":0.096,"train/learning_rate":1.622146406465852e-10,"_timestamp":1.7546096293604891e+09,"train/loss":5.1074,"train/ar_loss":1.47174072265625,"train_runtime":53135.0317,"_wandb":{"runtime":53149},"_step":25590,"train/global_step":5118,"total_flos":6.912622971710341e+17,"train/match_loss":3.5195467472076416,"_runtime":53134.028372672,"train/grad_norm":3.0153145790100098,"train_loss":5.335382980217735,"train_samples_per_second":3.082,"train/epoch":1}