{"_wandb":{"runtime":53754},"_timestamp":1.7547764761116183e+09,"train/loss":3.2094,"_runtime":53736.46692579,"train/global_step":5118,"train/str_loss":1.9327377080917358,"train/epoch":1,"train_runtime":53738.7303,"train/ar_loss":1.4857782125473022,"train_steps_per_second":0.095,"train_loss":3.388126701850265,"train/grad_norm":2.359339952468872,"total_flos":6.912622971710341e+17,"train_samples_per_second":3.048,"_step":25590,"train/learning_rate":2.8838097696715083e-10}